month,unemployment_pct,tpm_pct,imacec_yoy_pct
2015-01-01,6.2,3.0,2.7
2015-02-01,6.1,3.0,2.0
2015-03-01,6.1,3.0,1.6
2015-04-01,6.1,3.0,1.7
2015-05-01,6.6,3.0,0.8
2015-06-01,6.5,3.0,2.7
2015-07-01,6.6,3.0,2.5
2015-08-01,6.5,3.0,1.1
2015-09-01,6.4,3.0,2.6
2015-10-01,6.3,3.25,1.5
2015-11-01,6.1,3.25,1.8
2015-12-01,5.8,3.5,1.5
2016-01-01,5.8,3.5,0.3
2016-02-01,5.9,3.5,2.8
2016-03-01,6.3,3.5,2.1
2016-04-01,6.4,3.5,0.7
2016-05-01,6.8,3.5,1.8
2016-06-01,6.9,3.5,0.8
2016-07-01,7.1,3.5,0.5
2016-08-01,6.9,3.5,2.5
2016-09-01,6.8,3.5,1.4
2016-10-01,6.4,3.5,-0.4
2016-11-01,6.2,3.5,0.8
2016-12-01,6.1,3.5,1.2
2017-01-01,6.2,3.25,1.7
2017-02-01,6.4,3.25,-1.3
2017-03-01,6.6,3.0,0.2
2017-04-01,6.7,2.75,0.1
2017-05-01,7.0,2.5,1.3
2017-06-01,7.0,2.5,1.4
2017-07-01,6.9,2.5,2.8
2017-08-01,6.6,2.5,2.4
2017-09-01,6.7,2.5,1.3
2017-10-01,6.7,2.5,2.9
2017-11-01,6.5,2.5,3.2
2017-12-01,6.4,2.5,2.6
2018-01-01,6.5,2.5,3.9
2018-02-01,6.7,2.5,4.0
2018-03-01,6.9,2.5,4.6
2018-04-01,6.7,2.5,5.9
2018-05-01,7.0,2.5,4.9
2018-06-01,7.2,2.5,4.9
2018-07-01,7.3,2.5,3.3
2018-08-01,7.3,2.5,3.2
2018-09-01,7.1,2.5,2.3
2018-10-01,7.1,2.75,4.2
2018-11-01,6.8,2.75,3.1
2018-12-01,6.7,2.75,2.6
2019-01-01,6.8,3.0,2.4
2019-02-01,6.7,3.0,1.4
2019-03-01,6.85,3.0,1.9
2019-04-01,6.86,3.0,2.1
2019-05-01,7.09,3.0,2.3
2019-06-01,7.1,2.5,1.3
2019-07-01,7.17,2.5,3.2
2019-08-01,7.19,2.5,3.7
2019-09-01,7.05,2.0,3.0
2019-10-01,7.01,1.75,-3.4
2019-11-01,6.88,1.75,-3.3
2019-12-01,6.98,1.75,1.1
2020-01-01,7.43,1.75,1.5
2020-02-01,7.81,1.75,2.7
2020-03-01,8.23,1.0,-3.5
2020-04-01,9.0,0.5,-14.1
2020-05-01,11.21,0.5,-15.3
2020-06-01,12.25,0.5,-12.4
2020-07-01,13.09,0.5,-10.7
2020-08-01,12.93,0.5,-11.3
2020-09-01,12.35,0.5,-5.3
2020-10-01,11.58,0.5,-1.2
2020-11-01,10.76,0.5,0.3
2020-12-01,10.29,0.5,-0.4
2021-01-01,10.23,0.5,-3.1
2021-02-01,10.3,0.5,-2.2
2021-03-01,10.35,0.5,6.4
2021-04-01,10.24,0.5,14.1
2021-05-01,10.04,0.5,18.1
2021-06-01,9.5,0.5,20.1
2021-07-01,8.93,0.75,18.1
2021-08-01,8.55,0.75,19.1
2021-09-01,8.41,1.5,15.6
2021-10-01,8.08,2.75,15.0
2021-11-01,7.53,2.75,14.3
2021-12-01,7.19,4.0,10.1
2022-01-01,7.27,5.5,9.0
2022-02-01,7.5,5.5,6.8
2022-03-01,7.8,7.0,7.2
2022-04-01,7.75,7.0,6.9
2022-05-01,7.8,8.25,6.4
2022-06-01,7.81,9.0,3.7
2022-07-01,7.92,9.75,1.0
2022-08-01,7.93,9.75,0.0
2022-09-01,8.04,10.75,-0.4
2022-10-01,7.97,11.25,-1.2
2022-11-01,7.95,11.25,-2.5
2022-12-01,7.86,11.25,-1.0
2023-01-01,8.04,11.25,0.4
2023-02-01,8.37,11.25,-0.5
2023-03-01,8.81,11.25,-2.1
2023-04-01,8.66,11.25,-1.1
2023-05-01,8.52,11.25,-2.0
2023-06-01,8.53,11.25,-1.0
2023-07-01,8.77,10.25,1.8
2023-08-01,9.0,10.25,-0.9
2023-09-01,8.91,9.5,0.0
2023-10-01,8.89,9.0,0.3
2023-11-01,8.73,9.0,1.2
2023-12-01,8.48,8.25,-1.0
2024-01-01,8.44,8.25,2.5
2024-02-01,8.5,7.25,4.5
2024-03-01,8.68,7.25,0.8
2024-04-01,8.52,6.5,3.5
2024-05-01,8.31,6.0,1.1
2024-06-01,8.35,5.75,0.1
2024-07-01,8.68,5.75,4.2
2024-08-01,8.9,5.75,2.3
2024-09-01,8.74,5.5,0.0
2024-10-01,8.58,5.25,2.3
2024-11-01,8.22,5.25,2.1
2024-12-01,8.08,5.0,6.6
2025-01-01,8.02,5.0,2.5
2025-02-01,8.38,5.0,-0.1
2025-03-01,8.71,5.0,3.8
2025-04-01,8.84,5.0,2.5
2025-05-01,8.94,5.0,3.2
2025-06-01,8.89,5.0,3.1
2025-07-01,8.7,4.75,1.8
2025-08-01,8.56,4.75,0.5
2025-09-01,8.53,4.75,3.2
2025-10-01,8.45,4.75,2.2
2025-11-01,8.42,4.75,1.2
2025-12-01,8.05,4.5,1.7
2026-01-01,8.28,4.5,-0.1
2026-02-01,8.33,4.5,-0.3
2026-03-01,8.93,4.5,-0.1
2026-04-01,9.11,4.5,-1.2
2026-05-01,9.44,4.5,-0.9
2026-06-01,9.44,4.5,2.4
2026-07-01,9.53,4.5,-1.5
2026-08-01,9.64,4.5,-1.0
2026-09-01,,4.5,
2026-10-01,,4.5,
