model,h,vs_naive,vs_naive_lo,vs_naive_hi,vs_momentum,vs_momentum_lo,vs_momentum_hi
ets_damped,1,1.0142065448278925,0.9905188216890254,1.0325627095372187,,,
ets_damped,3,0.987087356220489,0.9664775273613817,1.0096555880434843,,,
ets_damped,6,0.9825488610311245,0.9445338722877178,1.0282727909016427,,,
ets_damped,12,0.9910628541144028,0.9369218222511612,1.0637329297129943,,,
pooled_momentum,1,1.001958661821356,0.994848579064746,1.0090557985629942,,,
pooled_momentum,3,1.0025186307925684,0.9889740069055073,1.0133775189760967,,,
pooled_momentum,6,1.0072535976592176,0.9760575133617239,1.037974502622803,,,
pooled_momentum,12,1.0422711460710863,1.0114570366625917,1.0856556620256772,,,
pooled_gap,1,1.005785809017452,0.9947226622950477,1.0160898009405455,1.0038196657625964,0.9960877478670217,1.0107252092270846
pooled_gap,3,1.0029561056957956,0.9785609141243004,1.0261731924860904,1.0004363758336154,0.9830364769120495,1.0200339077906335
pooled_gap,6,1.0032679071485329,0.9650863514504221,1.052987333562974,0.9960430118890147,0.9774630561851616,1.0229631498789227
pooled_gap,12,1.0560622977838825,1.0264273776128154,1.1516135301147548,1.0132318272119332,0.9958524937209017,1.088000799545421
pooled_system,1,0.9895391659199134,0.9727543537973994,1.004838281010831,0.98760478213855,0.9715109683978846,1.002035546693661
pooled_system,3,0.9614335081981278,0.9189947955100203,1.0016450235843477,0.9590180956916885,0.9222517754503515,0.9963296364080628
pooled_system,6,0.9802074897385957,0.9131641522561451,1.0448999132911678,0.973148660889894,0.9303106003015261,1.0126918034759873
pooled_system,12,1.0797800165626015,1.0296936985944762,1.1707750304048004,1.0359876320407675,1.0020748224706695,1.1035223320570395
