bank,model,rmae,lo,hi
Banco Bice,pooled_system,1.0250070846962922,0.7316014834219969,1.5022276818058842
Banco Bice,ets_damped,0.9715336203767305,0.9300578065466423,1.0490760845903213
Banco Consorcio,pooled_system,0.867223079635765,0.8125845413009393,0.9171652268876008
Banco Consorcio,ets_damped,1.0004822713111416,0.9965515343198659,1.003824952441073
Banco Internacional,pooled_system,1.009518287705576,0.96196334526702,1.0543503791740885
Banco Internacional,ets_damped,1.0046804305204262,0.9986587871289679,1.0195048215243725
Banco Itaú Chile,pooled_system,1.0576587193415128,0.9092295746120715,1.267402000956778
Banco Itaú Chile,ets_damped,1.0073154240862725,0.989332056064425,1.0269357638465995
Banco Santander-Chile,pooled_system,0.9541619387217658,0.8728076697565583,1.0179721800012895
Banco Santander-Chile,ets_damped,0.8221018497252494,0.6426250190095399,1.0510077869220593
Banco Security,pooled_system,1.0574560987537338,0.9518891571992322,1.224897105793668
Banco Security,ets_damped,1.0247751797114624,0.9719190229642121,1.069074666796347
Banco de Chile,pooled_system,1.0901212472654915,0.6969379424733461,1.585293892507732
Banco de Chile,ets_damped,1.0746406062751208,0.9990208811554318,1.136818369633574
Banco de Crédito e Inversiones,pooled_system,0.929018324860179,0.7488256138993975,1.0808103530053843
Banco de Crédito e Inversiones,ets_damped,1.030505336013794,0.989420970007748,1.0719005868016767
Banco del Estado de Chile,pooled_system,1.065272994214837,0.9475625653067768,1.1997387323304403
Banco del Estado de Chile,ets_damped,0.8904849746311628,0.7348072372478591,1.0730633413036212
Scotiabank Chile,pooled_system,0.8823926719610897,0.7651960857356275,0.9798744374894357
Scotiabank Chile,ets_damped,1.086206644049856,0.9713206003273,1.2552178817042834
