bank,peso_inicio,peso_fin,mora_inicio,mora_fin,aporte_pp
Banco Santander-Chile,0.1911,0.1712,1.219,3.437,0.3554
Banco del Estado de Chile,0.1524,0.16,1.9746,3.9243,0.3272
Scotiabank Chile,0.1501,0.1309,0.888,2.3536,0.1749
Banco de Chile,0.1825,0.166,0.8315,1.6542,0.1228
Banco de Crédito e Inversiones,0.1402,0.147,1.1513,1.8087,0.1044
Banco Bice,0.0368,0.0689,0.6682,1.3778,0.0703
Banco Consorcio,0.0242,0.0245,1.4069,2.7072,0.0324
Banco Itaú Chile,0.1017,0.0957,1.5929,2.0071,0.03
Banco Internacional,0.0123,0.019,1.6983,2.3729,0.0244
Banco Falabella,0.0082,0.0163,1.6338,1.4708,0.0104
Banco Ripley,0.0005,0.0005,3.0891,4.4462,0.0005
