model,h,rmae,lo,hi
arima_111,1,0.9380874418532587,0.866659705279925,1.0206307160552077
arima_111,3,0.8305256011621014,0.7282977866491758,0.945911397771417
arima_111,6,0.8809661188114597,0.7530155470616283,1.0324640590374439
arima_111,12,0.943791669546328,0.8311309243674324,1.1439434664640082
ets_damped,1,0.9751429301562837,0.8847013947145812,1.0810504861241697
ets_damped,3,0.8478869630841676,0.7121590364185264,1.0005818548151326
ets_damped,6,0.8729622105980114,0.7032227026987454,1.060226157772245
ets_damped,12,0.9135960305433798,0.7716439150665064,1.1469655072495795
drift,1,1.0421830958560017,0.8968317576730982,1.220532274814125
drift,3,1.0509565250033055,0.7857604573573197,1.3723299735055228
drift,6,1.1175938035084303,0.7238709673236448,1.639538911731004
drift,12,1.38795273317565,0.885280207059979,2.6276859676915394
