lag,unemployment_pct,tpm_pct,imacec_yoy_pct
0,0.15983897147709483,-0.14068801119991536,-0.39628477545672564
1,0.08309168824243802,-0.04652109946808427,-0.4101093423616377
2,0.002277271063796143,0.04425079809784588,-0.41021588857939206
3,-0.07532684703369424,0.13795352793576054,-0.3897023534521461
4,-0.14777058852940186,0.228846473774962,-0.3696475238564312
5,-0.21318665134783513,0.31600477138810434,-0.35045660352279323
6,-0.27075314608222484,0.3940881608425964,-0.3393196583962111
7,-0.3227878941189916,0.46400063757564497,-0.32396570544357767
8,-0.3676594763672316,0.5252654861531784,-0.2957723006637807
9,-0.40873098009347164,0.5767862073357047,-0.25656918574582793
10,-0.447423960335343,0.6186772684039965,-0.21491101811087127
11,-0.4827770042271467,0.6493419030924421,-0.16307138307833385
12,-0.5128701897466807,0.6714821798096615,-0.10968992272939859
